角色key	专辑	曲目	附加信息	依据	来源
sukuna-shinmyoumaru	完全憑依ディスコグラフィ	輝く針の小人族　～ Little Princess	角色曲	THBWiki 标签：少名针妙丸角色曲辉针城	reports/M2b-th20-review.md（补配复核）
toutetsu-yuuma	強欲な獣のムジカ	有機体全てのメメント　～ Memory of Fossil Energy	角色曲	THBWiki 标签：饕餮尤魔的主题曲（被废弃的血池地狱）	reports/M2b-th20-review.md（补配复核）
hata-no-kokoro	暗黒能楽集・心綺楼	丑三つ時の里	角色曲	THBWiki 标签：与秦心战斗前的主题曲	reports/M2b-th20-review.md（补配复核）
futatsuiwa-mamizou	暗黒能楽集・心綺楼	幻想郷の二ッ岩	角色曲	THBWiki 标签：二岩猯藏角色曲妖怪狸森林（夜）	reports/M2b-th20-review.md（补配复核）
eternity-larva	東方天空璋 ～ Hidden Star in Four Seasons	希望の星は青霄に昇る	道中曲	面次表：1面主题曲；该面登场角色=爱塔妮缇拉尔瓦；用户裁定为道中曲（按首发作品细分）	reports/M2b-th20-review.md（补配复核）
kitcho-yachie	東方獣王園 ～ Unfinished Dream of All Living Ghost	トータスドラゴン　～ 幸運と不運	角色曲	THBWiki 标签：吉吊八千慧角色曲	reports/M2b-th20-review.md（补配复核）
komano-aunn	東方獣王園 ～ Unfinished Dream of All Living Ghost	一対の神獣	角色曲	THBWiki 标签：高丽野阿吽角色曲	reports/M2b-th20-review.md（补配复核）
futatsuiwa-mamizou	東方獣王園 ～ Unfinished Dream of All Living Ghost	佐渡の二ッ岩	角色曲	THBWiki 标签：二岩猯藏角色曲	reports/M2b-th20-review.md（补配复核）
yakumo-ran	東方獣王園 ～ Unfinished Dream of All Living Ghost	妖々跋扈　～ Who done it!	更多道中曲	THBWiki 标签：八云蓝角色曲；用户裁定为道中曲（按首发作品细分）	reports/M2b-th20-review.md（补配复核）
seiran	東方獣王園 ～ Unfinished Dream of All Living Ghost	忘れがたき、よすがの緑	更多道中曲	THBWiki 标签：清兰角色曲；用户裁定为道中曲（按首发作品细分）	reports/M2b-th20-review.md（补配复核）
nazurin	東方獣王園 ～ Unfinished Dream of All Living Ghost	春の湊に	更多道中曲	THBWiki 标签：娜兹玲角色曲；用户裁定为道中曲（按首发作品细分）	reports/M2b-th20-review.md（补配复核）
kaenbyou-rin	東方獣王園 ～ Unfinished Dream of All Living Ghost	死体旅行　～ Be of good cheer!	角色曲	THBWiki 标签：火焰猫燐角色曲	reports/M2b-th20-review.md（补配复核）
kurokoma-saki	東方獣王園 ～ Unfinished Dream of All Living Ghost	聖徳太子のペガサス　～ Dark Pegasus	角色曲	THBWiki 标签：骊驹早鬼角色曲	reports/M2b-th20-review.md（补配复核）
cirno	東方花映塚 ～ Phantasmagoria of Flower View	おてんば恋娘の冒険	角色曲	THBWiki 标签：琪露诺的主题曲	reports/M2b-th20-review.md（补配复核）
mystia-lorelei	東方花映塚 ～ Phantasmagoria of Flower View	もう歌しか聞こえない　～ Flower Mix	角色曲	THBWiki 标签：米斯蒂娅·萝蕾拉的主题曲	reports/M2b-th20-review.md（补配复核）
prismriver-sisters	東方花映塚 ～ Phantasmagoria of Flower View	幽霊楽団　～ Phantom Ensemble	角色曲	THBWiki 标签：普莉兹姆利巴三姐妹的主题曲	reports/M2b-th20-review.md（补配复核）
konpaku-youmu	東方花映塚 ～ Phantasmagoria of Flower View	東方妖々夢　～ Ancient Temple	更多道中曲	THBWiki 标签：魂魄妖梦的主题曲；用户裁定为道中曲（按首发作品细分）	reports/M2b-th20-review.md（补配复核）
reisen-udongein-inaba	東方花映塚 ～ Phantasmagoria of Flower View	狂気の瞳　～ Invisible Full Moon	角色曲	THBWiki 标签：铃仙·优昙华院·因幡的主题曲	reports/M2b-th20-review.md（补配复核）
kudamaki-tsukasa	東方虹龍洞 ～ Unconnected Marketeers	待ちわびた逢魔が時	道中曲	面次表：5面主题曲；该面登场角色=菅牧典；用户裁定为道中曲（按首发作品细分）	reports/M2b-th20-review.md（补配复核）
komeiji-koishi	深秘的楽曲集	ハルトマンの妖怪少女	角色曲	THBWiki 标签：古明地恋角色曲地灵殿	reports/M2b-th20-review.md（补配复核）
kawashiro-nitori	深秘的楽曲集	芥川龍之介の河童 ～ Candid Friend	角色曲	THBWiki 标签：河城荷取角色曲玄武涧	reports/M2b-th20-review.md（补配复核）
