key	新增别名	来源
prismriver-sisters	露娜萨·普莉兹姆利巴	THBWiki 面次表（妖々梦 4面BOSS）
prismriver-sisters	梅露兰·普莉兹姆利巴	THBWiki 角色页
prismriver-sisters	莉莉卡·普莉兹姆利巴	THBWiki 角色页
tsukumo-benben-yatsuhashi	九十九八桥	THBWiki 面次表（辉针城 EX面道中）
tsukumo-benben-yatsuhashi	九十九弁弁	THBWiki 面次表（辉针城 4面BOSS）
teireida-mai-nishida-satono	丁礼田舞	THBWiki 面次表（天空璋 4面道中）
teireida-mai-nishida-satono	尔子田里乃	THBWiki 面次表（天空璋 5面/EX面道中）
yorigami-joon-shion	依神女苑	THBWiki 角色页
yorigami-joon-shion	依神紫苑	THBWiki 角色页
prismriver-sisters	ルナサ・プリズムリバー	合并条目的成员（THBWiki 角色页）
prismriver-sisters	メルラン・プリズムリバー	合并条目的成员（THBWiki 角色页）
prismriver-sisters	リリカ・プリズムリバー	合并条目的成员（THBWiki 角色页）
tsukumo-benben-yatsuhashi	九十九八橋	合并条目的成员（THBWiki 面次表）
tsukumo-benben-yatsuhashi	九十九弁々	合并条目的成员（THBWiki 面次表）
lily-white	莉莉霍瓦特	THBWiki 面次表（妖々梦 4面道中）
alice-margatroid	爱丽丝·玛格特洛依德	THBWiki 面次表（妖々梦 3面BOSS）
eternity-larva	爱塔妮缇拉尔瓦	THBWiki 面次表（天空璋 1面BOSS）
flandre-scarlet	芙兰朵露·斯卡蕾特	THBWiki 标签（芙兰朵露·斯卡蕾特的主题曲）
houjuu-chimi	封兽魑魅	THBWiki 面次表（锦上京 2面BOSS）
inaba-tewi	因幡天为	THBWiki 标签（因幡天为的主题曲）
kaenbyou-rin	火焰猫燐	THBWiki 面次表（地灵殿 5面BOSS）
moriya-suwako	洩矢诹访子	THBWiki 面次表（风神录 EX面BOSS）
remilia-scarlet	蕾米莉亚·斯卡蕾特	THBWiki 面次表（红魔乡 最终面BOSS）
shiki-eiki-yamazanadu	四季映姬·夜摩仙那度	THBWiki 标签（四季映姬·夜摩仙那度的主题曲）
watari-nina	渡里贝子	THBWiki 面次表（锦上京 EX面BOSS）
