作品	面次	类型	曲目	登场角色
东方红魔乡	一面道中	midboss	如鬼灯般的红色之魂	露米娅
东方红魔乡	一面BOSS	boss	妖魔夜行	
东方红魔乡	二面道中	midboss	Lunate Elf	大妖精
东方红魔乡	二面BOSS	boss	活泼的纯情小姑娘	琪露诺
东方红魔乡	三面道中	midboss	上海红茶馆　～ Chinese Tea	红美铃
东方红魔乡	三面BOSS	boss	明治十七年的上海爱丽丝	
东方红魔乡	四面道中	midboss	伏瓦鲁魔法图书馆	小恶魔
东方红魔乡	四面BOSS	boss	Locked Girl　～ 少女密室	帕秋莉·诺蕾姬
东方红魔乡	五面道中	midboss	女仆与血之怀表	十六夜咲夜
东方红魔乡	五面BOSS	boss	月时计　～ Luna Dial	
东方红魔乡	六面道中	midboss	特佩斯的年幼末裔	十六夜咲夜
东方红魔乡	六面BOSS	boss	献给已逝公主的七重奏	蕾米莉亚·斯卡蕾特
东方红魔乡	EX面道中	midboss	魔法少女们的百年祭	帕秋莉·诺蕾姬
东方红魔乡	EX面BOSS	boss	U.N.OWEN就是她吗？	芙兰朵露·斯卡蕾特
东方妖妖梦	一面道中	midboss	无何有之乡　～ Deep Mountain	琪露诺
东方妖妖梦	一面BOSS	boss	Crystallize Silver	蕾蒂·霍瓦特洛克
东方妖妖梦	二面道中	midboss	远野幻想物语	橙
东方妖妖梦	二面BOSS	boss	凋叶棕（withered leaf）	
东方妖妖梦	三面道中	midboss	布加勒斯特的人偶师	爱丽丝·玛格特洛依德
东方妖妖梦	三面BOSS	boss	人偶裁判　～ 玩弄人形的少女	
东方妖妖梦	四面道中	midboss	天空的花都	莉莉霍瓦特
东方妖妖梦	四面BOSS	boss	幽灵乐团　～ Phantom Ensemble	露娜萨·普莉兹姆利巴
东方妖妖梦	五面道中	midboss	东方妖妖梦　～ Ancient Temple	魂魄妖梦
东方妖妖梦	五面BOSS	boss	广有射怪鸟事　～ Till When?	
东方妖妖梦	六面道中	midboss	Ultimate Truth	魂魄妖梦
东方妖妖梦	六面BOSS	boss	幽雅地绽放吧，墨染的樱花　～ Border of Life	西行寺幽幽子
东方妖妖梦	六面BOSS	boss	Border of Life	西行寺幽幽子
东方妖妖梦	EX面道中	midboss	妖妖跋扈	橙
东方妖妖梦	EX面BOSS	boss	少女幻葬　～ Necro-Fantasy	八云蓝
东方妖妖梦	PH面道中	midboss	妖妖跋扈　～ Who done it!	八云蓝
东方妖妖梦	PH面BOSS	boss	Necro-Fantasia	八云紫
东方永夜抄	一面道中	midboss	幻视之夜　～ Ghostly Eyes	莉格露·奈特巴格
东方永夜抄	一面BOSS	boss	蠢蠢的秋月　～ Mooned Insect	
东方永夜抄	二面道中	midboss	夜雀的歌声　～ Night Bird	米斯蒂娅·萝蕾拉
东方永夜抄	二面BOSS	boss	已经只能听见歌声了	
东方永夜抄	三面道中	midboss	令人怀念的东方之血　～ Old World	上白泽慧音
东方永夜抄	三面BOSS	boss	Plain Asia	
东方永夜抄	四A面(Uncanny)道中	midboss	永夜的报应　～ Imperishable Night	博丽灵梦
东方永夜抄	四A面(Uncanny)BOSS	boss	少女绮想曲　～ Dream Battle	
东方永夜抄	四B面(Powerful)道中	midboss	永夜的报应　～ Imperishable Night	雾雨魔理沙
东方永夜抄	四B面(Powerful)BOSS	boss	恋色Master spark	
东方永夜抄	五面道中	midboss	灰姑娘的笼子　～ Kagome-Kagome	因幡帝
东方永夜抄	五面BOSS	boss	狂气之瞳　～ Invisible Full Moon	铃仙·优昙华院·因幡
东方永夜抄	六A面道中	midboss	Voyage1969	八意永琳
东方永夜抄	六A面BOSS	boss	千年幻想乡　～ History of the Moon	
东方永夜抄	六B面道中	midboss	Voyage1969	八意永琳
东方永夜抄	六B面BOSS	boss	竹取飞翔　～ Lunatic Princess	蓬莱山辉夜
东方永夜抄	EX面道中	midboss	Extend Ash　～ 蓬莱人	上白泽慧音
东方永夜抄	EX面BOSS	boss	飘上月球，不死之烟	藤原妹红
东方风神录	一面道中	midboss	眷爱众生之神　～ Romantic Fall	秋静叶
东方风神录	一面BOSS	boss	会受稻田姬的斥责啦	秋穰子
东方风神录	二面道中	midboss	厄神降临之路　～ Dark Road	键山雏
东方风神录	二面BOSS	boss	命运的阴暗面	
东方风神录	三面道中	midboss	众神眷恋的幻想乡	河城荷取
东方风神录	三面BOSS	boss	芥川龙之介的河童　～ Candid Friend	
东方风神录	四面道中	midboss	Fall of Fall　～ 秋意渐浓之瀑	犬走椛
东方风神录	四面BOSS	boss	妖怪之山　～ Mysterious Mountain	射命丸文
东方风神录	五面道中	midboss	少女曾见的日本原风景	东风谷早苗
东方风神录	五面BOSS	boss	信仰是为了虚幻之人	
东方风神录	六面道中	midboss	御柱的墓场　～ Grave of Being	
东方风神录	六面BOSS	boss	神圣庄严的古战场　～ Suwa Foughten Field	八坂神奈子
东方风神录	EX面道中	midboss	明日之盛，昨日之俗	八坂神奈子
东方风神录	EX面BOSS	boss	Native Faith	洩矢诹访子
东方地灵殿	一面道中	midboss	昏暗的风穴	琪斯美
东方地灵殿	一面BOSS	boss	被封印的妖怪　～ Lost Place	黑谷山女
东方地灵殿	二面道中	midboss	阻绝人迹之桥	水桥帕露西
东方地灵殿	二面BOSS	boss	绿眼的嫉妒	
东方地灵殿	三面道中	midboss	漫游旧地狱街道	星熊勇仪
东方地灵殿	三面BOSS	boss	大江山的花之酒宴	
东方地灵殿	四面道中	midboss	Heartfelt Fancy	火焰猫燐
东方地灵殿	四面BOSS	boss	少女觉　～ 3rd eye	古明地觉
东方地灵殿	五面道中	midboss	废狱摇篮曲	火焰猫燐
东方地灵殿	五面BOSS	boss	尸体旅行　～ Be of good cheer!	火焰猫燐
东方地灵殿	六面道中	midboss	业火地幔	火焰猫燐
东方地灵殿	六面BOSS	boss	灵知的太阳信仰　～ Nuclear Fusion	灵乌路空
东方地灵殿	EX面道中	midboss	Last Remote	东风谷早苗
东方地灵殿	EX面BOSS	boss	哈德曼的妖怪少女	古明地恋
东方星莲船	一面道中	midboss	春之港湾	娜兹玲
东方星莲船	一面BOSS	boss	小小的贤将	
东方星莲船	二面道中	midboss	封闭的云中通路	多多良小伞
东方星莲船	二面BOSS	boss	请注意万年备用伞	
东方星莲船	三面道中	midboss	Sky Ruin	云居一轮
东方星莲船	三面BOSS	boss	守旧老爹与前卫少女	
东方星莲船	四面道中	midboss	幽灵客船的穿越时空之旅	封兽鵺
东方星莲船	四面BOSS	boss	Captain Murasa	村纱水蜜
东方星莲船	五面道中	midboss	魔界地方都市秘境	娜兹玲
东方星莲船	五面BOSS	boss	虎纹的毘沙门天	寅丸星
东方星莲船	六面道中	midboss	法界之火	封兽鵺
东方星莲船	六面BOSS	boss	感情的摩天楼　～ Cosmic Mind	圣白莲
东方星莲船	EX面道中	midboss	夜空中的UFO恋曲	多多良小伞
东方星莲船	EX面BOSS	boss	平安时代的外星人	封兽鵺
东方神灵庙	一面道中	midboss	死灵的夜樱	东方神灵庙-其他角色
东方神灵庙	一面BOSS	boss	Ghost Lead	西行寺幽幽子
东方神灵庙	二面道中	midboss	欢迎来到妖怪寺	幽谷响子
东方神灵庙	二面BOSS	boss	门前的妖怪小姑娘	
东方神灵庙	三面道中	midboss	在美妙的墓地里住下吧	多多良小伞
东方神灵庙	三面BOSS	boss	Rigid Paradise	宫古芳香
东方神灵庙	四面道中	midboss	Desire Drive	霍青娥
东方神灵庙	四面BOSS	boss	古老的元神	
东方神灵庙	五面道中	midboss	梦殿大祀庙	苏我屠自古
东方神灵庙	五面BOSS	boss	大神神话传	物部布都
东方神灵庙	六面道中	midboss	小小欲望的星空	
东方神灵庙	六面BOSS	boss	圣德传说　～ True Administrator	丰聪耳神子
东方神灵庙	EX面道中	midboss	后院的妖怪参拜道	封兽鵺
东方神灵庙	EX面BOSS	boss	佐渡的二岩	二岩猯藏
东方辉针城	一面道中	midboss	Mist Lake	琪露诺
东方辉针城	一面BOSS	boss	秘境的人鱼	若鹭姬
东方辉针城	二面道中	midboss	往来于运河的人与妖	赤蛮奇
东方辉针城	二面BOSS	boss	柳树下的杜拉罕	
东方辉针城	三面道中	midboss	满月的竹林	今泉影狼
东方辉针城	三面BOSS	boss	孤独的狼人	
东方辉针城	四面道中	midboss	Magical Storm	九十九八桥
东方辉针城	四面BOSS	boss	幻想净琉璃	九十九弁弁
东方辉针城	五面道中	midboss	沉向空中的辉针城	鬼人正邪
东方辉针城	五面BOSS	boss	Reverse Ideology	
东方辉针城	六面道中	midboss	针小棒大的天守阁	鬼人正邪
东方辉针城	六面BOSS	boss	辉光之针的小人族　～ Little Princess	少名针妙丸
东方辉针城	EX面道中	midboss	魔力的雷云	九十九八桥
东方辉针城	EX面BOSS	boss	原初的节拍　～ Pristine Beat	堀川雷鼓
东方绀珠传	一面道中	midboss	忘不了，那曾依藉的绿意	清兰
东方绀珠传	一面BOSS	boss	兔已着陆	
东方绀珠传	二面道中	midboss	湖上倒映着洁净的月光	铃瑚
东方绀珠传	二面BOSS	boss	九月的南瓜	
东方绀珠传	三面道中	midboss	飞翔于宇宙的不可思议巫女	哆来咪·苏伊特
东方绀珠传	三面BOSS	boss	永远的春梦	
东方绀珠传	四面道中	midboss	冻结的永远之都	稀神探女
东方绀珠传	四面BOSS	boss	逆转的命运之轮	
东方绀珠传	五面道中	midboss	遥遥38万公里的航程	
东方绀珠传	五面BOSS	boss	星条旗的小丑	克劳恩皮丝
东方绀珠传	六面道中	midboss	故乡之星倒映之海	
东方绀珠传	六面BOSS	boss	Pure Furies　～ 心之所在	纯狐
东方绀珠传	EX面道中	midboss	前所未见的噩梦世界	哆来咪·苏伊特
东方绀珠传	EX面BOSS	boss	Pandemonic Planet	赫卡提亚·拉碧斯拉祖利
东方天空璋	一面道中	midboss	希望之星直升青霄	爱塔妮缇拉尔瓦
东方天空璋	一面BOSS	boss	仲夏的妖精梦	
东方天空璋	二面道中	midboss	妖怪山间无色风	坂田合欢
东方天空璋	二面BOSS	boss	深山的遭遇	
东方天空璋	三面道中	midboss	徜徉于樱色之海	莉莉霍瓦特
东方天空璋	三面BOSS	boss	成对的神兽	高丽野阿吽
东方天空璋	四面道中	midboss	幻想的白色旅人	丁礼田舞
东方天空璋	四面BOSS	boss	魔法的笠地藏	矢田寺成美
东方天空璋	五面道中	midboss	禁忌之门对侧，是此世还是彼世	尔子田里乃
东方天空璋	五面BOSS	boss	Crazy Back Dancers	尔子田里乃
东方天空璋	六面道中	midboss	Into Backdoor	
东方天空璋	六面BOSS	boss	被秘匿的四个季节	摩多罗隐岐奈
东方天空璋	EX面道中	midboss	门再也进不去了	尔子田里乃
东方天空璋	EX面BOSS	boss	秘神摩多罗　～ Hidden Star in All Seasons.	摩多罗隐岐奈
东方鬼形兽	一面道中	midboss	只有地藏知晓的哀叹	戎璎花
东方鬼形兽	一面BOSS	boss	Jelly Stone	
东方鬼形兽	二面道中	midboss	Lost River	牛崎润美
东方鬼形兽	二面BOSS	boss	石之婴儿与水中牛	
东方鬼形兽	三面道中	midboss	不朽的曼珠沙华	庭渡久侘歌
东方鬼形兽	三面BOSS	boss	Seraphic Chicken	
东方鬼形兽	四面道中	midboss	Unlocated Hell	吉吊八千慧
东方鬼形兽	四面BOSS	boss	Tortoise Dragon　～ 幸运与不幸	
东方鬼形兽	五面道中	midboss	Beast Metropolis	杖刀偶磨弓
东方鬼形兽	五面BOSS	boss	陶瓷的杖刀人	
东方鬼形兽	六面道中	midboss	Electric Heritage	杖刀偶磨弓
东方鬼形兽	六面BOSS	boss	寄世界于偶像　～ Idoratrize World	埴安神袿姬
东方鬼形兽	EX面道中	midboss	闪耀的弱肉强食法则	庭渡久侘歌
东方鬼形兽	EX面BOSS	boss	圣德太子的天马　～ Dark Pegasus	骊驹早鬼
东方虹龙洞	一面道中	midboss	妖异们的骤雨	豪德寺三花
东方虹龙洞	一面BOSS	boss	大吉猫咪	
东方虹龙洞	二面道中	midboss	深绿掩映的断崖	山城高岭
东方虹龙洞	二面BOSS	boss	Banditry Technology	
东方虹龙洞	三面道中	midboss	驹草盛开的万年积雪	驹草山如
东方虹龙洞	三面BOSS	boss	Smoking Dragon	
东方虹龙洞	四面道中	midboss	日渐荒废的工业遗址	东方虹龙洞-其他角色
东方虹龙洞	四面BOSS	boss	神代矿石	玉造魅须丸
东方虹龙洞	五面道中	midboss	渴盼已久的逢魔之刻	菅牧典
东方虹龙洞	五面BOSS	boss	天魔之山漫天星	饭纲丸龙
东方虹龙洞	六面道中	midboss	Lunar Rainbow	菅牧典
东方虹龙洞	六面BOSS	boss	熙攘市场今何在　～ Immemorial Marketeers	天弓千亦
东方虹龙洞	EX面道中	midboss	幻想地下大轨道网	菅牧典
东方虹龙洞	EX面BOSS	boss	灭杀龙王的公主	姬虫百百世
东方锦上京	一面道中	midboss	所爱所怜的凡尘居所	尘塚姥芽
东方锦上京	一面BOSS	boss	即便为世间所遗忘	
东方锦上京	二面道中	midboss	Sacred Forest	封兽魑魅
东方锦上京	二面BOSS	boss	森林里面有鬼怪哦	
东方锦上京	三面道中	midboss	祭司王约翰的黄金境	
东方锦上京	三面BOSS	boss	事已至此就赌上性命来猜谜吧	道神驯子
东方锦上京	四面道中	midboss	Four-Color Labyrinth	东方锦上京/其他角色
东方锦上京	四面BOSS	boss	猎鹿旧忆回潮	维缦·浅间
东方锦上京	五面道中	midboss	沉入记忆深海的少女	东方锦上京/其他角色
东方锦上京	五面BOSS	boss	绵月的符卡　～ 神海战	绵月丰姬
东方锦上京	六面道中	midboss	金字塔的神域	
东方锦上京	六面BOSS	boss	早已习惯最终孑然一身　～ Stone Goddess	磐永阿梨夜
东方锦上京	EX面道中	midboss	Fantastic Drift	维缦·浅间
东方锦上京	EX面BOSS	boss	双壳贝上的幻觉	渡里贝子
