专辑	曲目	分类	标签/说明	来源表
七夕坂夢幻能 ~ Taboo Japan Disentanglement	ひとりぼっちの常陸行路	无标签	该专辑没有 Music Room 条目（秘封 CD / 格斗碟未使用曲等）	netease163
七夕坂夢幻能 ~ Taboo Japan Disentanglement	七夕坂に朝が来る	无标签	该专辑没有 Music Room 条目（秘封 CD / 格斗碟未使用曲等）	netease163
七夕坂夢幻能 ~ Taboo Japan Disentanglement	不等式のティンカーベル	无标签	该专辑没有 Music Room 条目（秘封 CD / 格斗碟未使用曲等）	netease163
七夕坂夢幻能 ~ Taboo Japan Disentanglement	夜じゃなくてもお化けはいるから	无标签	该专辑没有 Music Room 条目（秘封 CD / 格斗碟未使用曲等）	netease163
七夕坂夢幻能 ~ Taboo Japan Disentanglement	夢幻能 〜 Taboo Marionette	无标签	该专辑没有 Music Room 条目（秘封 CD / 格斗碟未使用曲等）	netease163
伊弉諾物質 ～ Neo-traditionalism of Japan	01. 緑のサナトリウム	无标签	该专辑没有 Music Room 条目（秘封 CD / 格斗碟未使用曲等）	netease163
伊弉諾物質 ～ Neo-traditionalism of Japan	02. 牛に引かれて善光寺参り	无标签	该专辑没有 Music Room 条目（秘封 CD / 格斗碟未使用曲等）	netease163
伊弉諾物質 ～ Neo-traditionalism of Japan	05. アガルタの風	无标签	该专辑没有 Music Room 条目（秘封 CD / 格斗碟未使用曲等）	netease163
伊弉諾物質 ～ Neo-traditionalism of Japan	06. イザナギオブジェクト	无标签	该专辑没有 Music Room 条目（秘封 CD / 格斗碟未使用曲等）	netease163
伊弉諾物質 ～ Neo-traditionalism of Japan	07. 妖怪裏参道	无标签	该专辑没有 Music Room 条目（秘封 CD / 格斗碟未使用曲等）	netease163
伊弉諾物質 ～ Neo-traditionalism of Japan	08. アンノウンX ～ Unfound Adventure	无标签	该专辑没有 Music Room 条目（秘封 CD / 格斗碟未使用曲等）	netease163
伊弉諾物質 ～ Neo-traditionalism of Japan	09. 日本中の不思議を集めて	无标签	该专辑没有 Music Room 条目（秘封 CD / 格斗碟未使用曲等）	netease163
全人類ノ天楽録 ～ 東方緋想天 Arrange Disc	01. 緋想天	系统曲	标题画面主题曲	netease163
全人類ノ天楽録 ～ 東方緋想天 Arrange Disc	17. 東方緋想天	系统曲	Staff画面主题曲	netease163
全人類ノ天楽録 ～ 東方緋想天 Original Disc	01. 緋想天	系统曲	标题画面主题曲	netease163
全人類ノ天楽録 ～ 東方緋想天 Original Disc	02. 日常坐臥	系统曲	场景用曲	netease163
全人類ノ天楽録 ～ 東方緋想天 Original Disc	03. 地の色は黄色	系统曲	博丽神社(坏)	netease163
全人類ノ天楽録 ～ 東方緋想天 Original Disc	04. 甲論乙駁	系统曲	场景用曲	netease163
全人類ノ天楽録 ～ 東方緋想天 Original Disc	05. 風光明媚	系统曲	场景用曲	netease163
全人類ノ天楽録 ～ 東方緋想天 Original Disc	06. 香る樹葉花	系统曲	魔法森林	netease163
全人類ノ天楽録 ～ 東方緋想天 Original Disc	07. 踊る水飛沫	系统曲	玄武涧	netease163
全人類ノ天楽録 ～ 東方緋想天 Original Disc	08. 以魚駆蠅	系统曲	场景用曲	netease163
全人類ノ天楽録 ～ 東方緋想天 Original Disc	09. 冷吟閑酔	系统曲	场景用曲	netease163
全人類ノ天楽録 ～ 東方緋想天 Original Disc	10. 嘲りの遊戯	系统曲	妖怪之山	netease163
全人類ノ天楽録 ～ 東方緋想天 Original Disc	11. 放縦不羈	系统曲	场景用曲	netease163
全人類ノ天楽録 ～ 東方緋想天 Original Disc	12. 雲外蒼天	系统曲	场景用曲	netease163
全人類ノ天楽録 ～ 東方緋想天 Original Disc	14. 天衣無縫	系统曲	场景用曲	netease163
全人類ノ天楽録 ～ 東方緋想天 Original Disc	16. 幼心地の有頂天	系统曲	「全人类的绯想天」	netease163
全人類ノ天楽録 ～ 東方緋想天 Original Disc	17. 暮色蒼然	系统曲	结尾画面主题曲	netease163
全人類ノ天楽録 ～ 東方緋想天 Original Disc	18. 東方緋想天	系统曲	Staff画面主题曲	netease163
卯酉東海道 ～ Retrospective 53 Minutes	01. ヒロシゲ36号 ～ Neo Super-Express	无标签	该专辑没有 Music Room 条目（秘封 CD / 格斗碟未使用曲等）	netease163
卯酉東海道 ～ Retrospective 53 Minutes	02. 53ミニッツの青い海	无标签	该专辑没有 Music Room 条目（秘封 CD / 格斗碟未使用曲等）	netease163
卯酉東海道 ～ Retrospective 53 Minutes	05. 青木ヶ原の伝説	无标签	该专辑没有 Music Room 条目（秘封 CD / 格斗碟未使用曲等）	netease163
卯酉東海道 ～ Retrospective 53 Minutes	08. レトロスペクティブ京都	无标签	该专辑没有 Music Room 条目（秘封 CD / 格斗碟未使用曲等）	netease163
卯酉東海道 ～ Retrospective 53 Minutes	11. 最も澄みわたる空と海	无标签	该专辑没有 Music Room 条目（秘封 CD / 格斗碟未使用曲等）	netease163
夢違科学世紀 ～ Changeability of Strange Dream	01. 童祭 ～ Innocent Treasures	无标签	该专辑没有 Music Room 条目（秘封 CD / 格斗碟未使用曲等）	netease163
夢違科学世紀 ～ Changeability of Strange Dream	02. 華胥の夢	无标签	该专辑没有 Music Room 条目（秘封 CD / 格斗碟未使用曲等）	netease163
夢違科学世紀 ～ Changeability of Strange Dream	05. 科学世紀の少年少女	无标签	该专辑没有 Music Room 条目（秘封 CD / 格斗碟未使用曲等）	netease163
夢違科学世紀 ～ Changeability of Strange Dream	06. 永夜の報い ～ Imperishable Night	无标签	该专辑没有 Music Room 条目（秘封 CD / 格斗碟未使用曲等）	netease163
夢違科学世紀 ～ Changeability of Strange Dream	09. 夢と現の境界	无标签	该专辑没有 Music Room 条目（秘封 CD / 格斗碟未使用曲等）	netease163
夢違科学世紀 ～ Changeability of Strange Dream	10. 幻想機械 ～ Phantom Factory	无标签	该专辑没有 Music Room 条目（秘封 CD / 格斗碟未使用曲等）	netease163
夢違科学世紀 ～ Changeability of Strange Dream	11. 幽玄の槭樹 ～ Eternal Dream	无标签	该专辑没有 Music Room 条目（秘封 CD / 格斗碟未使用曲等）	netease163
大空魔術 ～ Magical Astronomy	01. 月面ツアーへようこそ	无标签	该专辑没有 Music Room 条目（秘封 CD / 格斗碟未使用曲等）	netease163
大空魔術 ～ Magical Astronomy	02. 天空のグリニッジ	无标签	该专辑没有 Music Room 条目（秘封 CD / 格斗碟未使用曲等）	netease163
大空魔術 ～ Magical Astronomy	03. 東の国の眠らない夜	无标签	该专辑没有 Music Room 条目（秘封 CD / 格斗碟未使用曲等）	netease163
大空魔術 ～ Magical Astronomy	04. 車椅子の未来宇宙	无标签	该专辑没有 Music Room 条目（秘封 CD / 格斗碟未使用曲等）	netease163
大空魔術 ～ Magical Astronomy	05. Demystify Feast	无标签	该专辑没有 Music Room 条目（秘封 CD / 格斗碟未使用曲等）	netease163
大空魔術 ～ Magical Astronomy	06. 衛星カフェテラス	无标签	该专辑没有 Music Room 条目（秘封 CD / 格斗碟未使用曲等）	netease163
大空魔術 ～ Magical Astronomy	07. G Free	无标签	该专辑没有 Music Room 条目（秘封 CD / 格斗碟未使用曲等）	netease163
大空魔術 ～ Magical Astronomy	08. 大空魔術 ～ Magical Astronomy	无标签	该专辑没有 Music Room 条目（秘封 CD / 格斗碟未使用曲等）	netease163
大空魔術 ～ Magical Astronomy	10. 向こう側の月	无标签	该专辑没有 Music Room 条目（秘封 CD / 格斗碟未使用曲等）	netease163
完全憑依ディスコグラフィ	今宵は飄逸なエゴイスト(Arrange ver)　～ Egoistic Flowers	无标签	该专辑没有 Music Room 条目（秘封 CD / 格斗碟未使用曲等）	netease163
完全憑依ディスコグラフィ	合縁奇縁	系统曲	对话曲	netease163
完全憑依ディスコグラフィ	咲き誇る憑依華	系统曲	Staff画面曲	netease163
完全憑依ディスコグラフィ	壮言大語	系统曲	对话曲	netease163
完全憑依ディスコグラフィ	天衣無縫　～ Yellow Lily	系统曲	对话曲	netease163
完全憑依ディスコグラフィ	悠久の蒸気機関	系统曲	Staff画面曲	netease163
完全憑依ディスコグラフィ	意気揚々	系统曲	对话曲	netease163
完全憑依ディスコグラフィ	憑依投合	系统曲	对话曲	netease163
完全憑依ディスコグラフィ	憑依華	无标签	该专辑没有 Music Room 条目（秘封 CD / 格斗碟未使用曲等）	netease163
完全憑依ディスコグラフィ	憑坐は夢と現の間に　～ Necro-Fantasia (Arrange ver)	无标签	该专辑没有 Music Room 条目（秘封 CD / 格斗碟未使用曲等）	netease163
完全憑依ディスコグラフィ	未だ蕾む憑依華	系统曲	Staff画面曲	netease163
完全憑依ディスコグラフィ	異変の種子	系统曲	标题画面曲	netease163
完全憑依ディスコグラフィ	異心同体	系统曲	对话曲	netease163
完全憑依ディスコグラフィ	疑惑の芽生え	系统曲	标题画面曲	netease163
完全憑依ディスコグラフィ	真相へ繋がる枝葉	系统曲	标题画面曲	netease163
完全憑依ディスコグラフィ	知略縦横	系统曲	对话曲	netease163
完全憑依ディスコグラフィ	舞い散る憑依華吹雪	系统曲	标题画面曲	netease163
完全憑依ディスコグラフィ	行雲流水	系统曲	Ending	netease163
完全憑依ディスコグラフィ	連帯責人	系统曲	对话曲	netease163
完全憑依ディスコグラフィ	開演間近	系统曲	对话曲	netease163
幻想曲抜萃 ～ 東方萃夢想 Day Disc	01. 遍参	系统曲	剧情曲 博丽神社/白玉楼/红魔馆钟楼/魔法森林雾雨邸/墓地	netease163
幻想曲抜萃 ～ 東方萃夢想 Day Disc	03. 月輪	系统曲	剧情曲 幻想乡	netease163
幻想曲抜萃 ～ 東方萃夢想 Day Disc	05. あゆのかぜ	系统曲	剧情曲 红魔馆钟楼/大图书馆/幻想乡/墓地/白玉楼/魔法森林雾雨邸	netease163
幻想曲抜萃 ～ 東方萃夢想 Day Disc	07. Intermezzo	系统曲	剧情曲 博丽神社/白玉楼/红魔馆钟楼/魔法森林雾雨邸/墓地	netease163
幻想曲抜萃 ～ 東方萃夢想 Day Disc	09. 魔所	系统曲	剧情曲	netease163
幻想曲抜萃 ～ 東方萃夢想 Day Disc	11. 裏心	系统曲	剧情曲 博丽神社	netease163
幻想曲抜萃 ～ 東方萃夢想 Day Disc	15. 夏明き	系统曲	结尾画面主题曲	netease163
幻想曲抜萃 ～ 東方萃夢想 Day Disc	16. 恋色マジック 体験版Ver	无标签	该专辑没有 Music Room 条目（秘封 CD / 格斗碟未使用曲等）	netease163
幻想曲抜萃 ～ 東方萃夢想 Day Disc	17. 広有射怪鳥事 体験版Ver	无标签	该专辑没有 Music Room 条目（秘封 CD / 格斗碟未使用曲等）	netease163
幻想曲抜萃 ～ 東方萃夢想 Day Disc	18. 東方妖恋談 弐符アレンジ	无标签	该专辑没有 Music Room 条目（秘封 CD / 格斗碟未使用曲等）	netease163
幻想曲抜萃 ～ 東方萃夢想 Day Disc	19. 恋色マジック 弐符アレンジ	无标签	该专辑没有 Music Room 条目（秘封 CD / 格斗碟未使用曲等）	netease163
幻想曲抜萃 ～ 東方萃夢想 Day Disc	20. メイドと血の懐中時計 弐符アレンジ	无标签	该专辑没有 Music Room 条目（秘封 CD / 格斗碟未使用曲等）	netease163
幻想曲抜萃 ～ 東方萃夢想 Day Disc	21. ブクレシュティの人形師 弐符アレンジ	无标签	该专辑没有 Music Room 条目（秘封 CD / 格斗碟未使用曲等）	netease163
幻想曲抜萃 ～ 東方萃夢想 Day Disc	22. ラクトガール 弐符アレンジ	无标签	该专辑没有 Music Room 条目（秘封 CD / 格斗碟未使用曲等）	netease163
幻想曲抜萃 ～ 東方萃夢想 Day Disc	23. 広有射怪鳥事 弐符アレンジ	无标签	该专辑没有 Music Room 条目（秘封 CD / 格斗碟未使用曲等）	netease163
幻想曲抜萃 ～ 東方萃夢想 Day Disc	24. 亡き王女の為のセプテット 弐符アレンジ	无标签	该专辑没有 Music Room 条目（秘封 CD / 格斗碟未使用曲等）	netease163
幻想曲抜萃 ～ 東方萃夢想 Night Disc	01. 萃夢想	系统曲	OP主题曲，标题画面主题曲	netease163
幻想曲抜萃 ～ 東方萃夢想 Night Disc	03. 森閑	系统曲	剧情曲 幻想乡	netease163
幻想曲抜萃 ～ 東方萃夢想 Night Disc	05. 紅夜	系统曲	剧情曲 红魔馆大厅/魔法森林雾雨邸/博丽神社/幻想乡	netease163
幻想曲抜萃 ～ 東方萃夢想 Night Disc	07. 幽境	系统曲	剧情曲 魔法森林雾雨邸/墓地/魔法森林爱丽丝邸	netease163
幻想曲抜萃 ～ 東方萃夢想 Night Disc	09. 珍客	系统曲	剧情曲 魔法森林爱丽丝邸/大图书馆	netease163
幻想曲抜萃 ～ 東方萃夢想 Night Disc	11. 禍機	系统曲	剧情曲 博丽神社	netease163
幻想曲抜萃 ～ 東方萃夢想 Night Disc	13. 仰空	系统曲	剧情曲 红魔馆大厅/大图书馆/博丽神社/博丽神社（境界）	netease163
幻想曲抜萃 ～ 東方萃夢想 Night Disc	14. Demystify Feast	系统曲	故事模式宴会前的战斗主题曲	netease163
幻想曲抜萃 ～ 東方萃夢想 Night Disc	15. 戦迅	系统曲	剧情曲 红魔馆大厅/博丽神社/博丽神社（境界）	netease163
幻想曲抜萃 ～ 東方萃夢想 Night Disc	19. 東方萃夢想	系统曲	Staff画面主题曲	netease163
幻想曲抜萃 ～ 東方萃夢想 Night Disc	20. Demystify Feast(Arrange)	无标签	该专辑没有 Music Room 条目（秘封 CD / 格斗碟未使用曲等）	netease163
幻想曲抜萃 ～ 東方萃夢想 Night Disc	21. 夜が降りてくる ～ Evening Star(Arrange)	无标签	该专辑没有 Music Room 条目（秘封 CD / 格斗碟未使用曲等）	netease163
幻想曲抜萃 ～ 東方萃夢想 Night Disc	22. 御伽の国の鬼が島(Arrange)	无标签	该专辑没有 Music Room 条目（秘封 CD / 格斗碟未使用曲等）	netease163
幻想曲抜萃 ～ 東方萃夢想 Night Disc	23. 東方萃夢想(Arrange)	无标签	该专辑没有 Music Room 条目（秘封 CD / 格斗碟未使用曲等）	netease163
強欲な獣のムジカ	不朽の曼殊沙華	无标签	该专辑没有 Music Room 条目（秘封 CD / 格斗碟未使用曲等）	netease163
強欲な獣のムジカ	大地の底、剛欲の海	系统曲	石油之海、被废弃的血池地狱场景音乐	netease163
強欲な獣のムジカ	天理人欲	系统曲	Ending画面主题曲	netease163
強欲な獣のムジカ	強欲な獣のメメント (Arrange Version)	无标签	该专辑没有 Music Room 条目（秘封 CD / 格斗碟未使用曲等）	netease163
強欲な獣のムジカ	御柱の墓場	系统曲	地底核聚变炉场景音乐	netease163
強欲な獣のムジカ	旧地獄街道を行く	系统曲	旧地狱温泉场景音乐	netease163
強欲な獣のムジカ	暗闇の風穴	系统曲	地灵虹洞场景音乐	netease163
強欲な獣のムジカ	東方剛欲異聞	系统曲	Staff画面主题曲	netease163
強欲な獣のムジカ	業火マントル	系统曲	旧灼热地狱场景音乐	netease163
強欲な獣のムジカ	水没した沈愁地獄	系统曲	标题画面主题曲	netease163
強欲な獣のムジカ	水没した沈愁地獄 (Arrange Version)	无标签	该专辑没有 Music Room 条目（秘封 CD / 格斗碟未使用曲等）	netease163
強欲な獣のムジカ	魔法使いの憂鬱	系统曲	魔法森林场景音乐	netease163
強欲な獣のムジカ	魔法少女達の百年祭	系统曲	红魔馆场景音乐	netease163
旧約酒場 ～ Dateless Bar Old Adam	アウトサイダーカクテル	无标签	该专辑没有 Music Room 条目（秘封 CD / 格斗碟未使用曲等）	netease163
旧約酒場 ～ Dateless Bar Old Adam	バー・オールドアダム	无标签	该专辑没有 Music Room 条目（秘封 CD / 格斗碟未使用曲等）	netease163
旧約酒場 ～ Dateless Bar Old Adam	二日酔いの同床異夢	无标签	该专辑没有 Music Room 条目（秘封 CD / 格斗碟未使用曲等）	netease163
旧約酒場 ～ Dateless Bar Old Adam	旧世界の冒険酒場	无标签	该专辑没有 Music Room 条目（秘封 CD / 格斗碟未使用曲等）	netease163
旧約酒場 ～ Dateless Bar Old Adam	燕石博物誌が連れてきた闇	无标签	该专辑没有 Music Room 条目（秘封 CD / 格斗碟未使用曲等）	netease163
旧約酒場 ～ Dateless Bar Old Adam	魔界地方都市エソテリア	无标签	该专辑没有 Music Room 条目（秘封 CD / 格斗碟未使用曲等）	netease163
暗黒能楽集・心綺楼	ラストワード発動	无标签	该专辑没有 Music Room 条目（秘封 CD / 格斗碟未使用曲等）	netease163
暗黒能楽集・心綺楼	亡失のエモーション (Arrange Version)	无标签	该专辑没有 Music Room 条目（秘封 CD / 格斗碟未使用曲等）	netease163
暗黒能楽集・心綺楼	人気のある場所	系统曲	对话曲1	netease163
暗黒能楽集・心綺楼	人気のない場所	系统曲	对话曲2	netease163
暗黒能楽集・心綺楼	人気爆発／二ッ岩マミゾウ	无标签	该专辑没有 Music Room 条目（秘封 CD / 格斗碟未使用曲等）	netease163
暗黒能楽集・心綺楼	人気爆発／博麗霊夢	无标签	该专辑没有 Music Room 条目（秘封 CD / 格斗碟未使用曲等）	netease163
暗黒能楽集・心綺楼	人気爆発／古明地こいし	无标签	该专辑没有 Music Room 条目（秘封 CD / 格斗碟未使用曲等）	netease163
暗黒能楽集・心綺楼	人気爆発／河城にとり	无标签	该专辑没有 Music Room 条目（秘封 CD / 格斗碟未使用曲等）	netease163
暗黒能楽集・心綺楼	人気爆発／物部布都	无标签	该专辑没有 Music Room 条目（秘封 CD / 格斗碟未使用曲等）	netease163
暗黒能楽集・心綺楼	人気爆発／秦こころ	无标签	该专辑没有 Music Room 条目（秘封 CD / 格斗碟未使用曲等）	netease163
暗黒能楽集・心綺楼	人気爆発／聖白蓮	无标签	该专辑没有 Music Room 条目（秘封 CD / 格斗碟未使用曲等）	netease163
暗黒能楽集・心綺楼	人気爆発／豊聡耳神子	无标签	该专辑没有 Music Room 条目（秘封 CD / 格斗碟未使用曲等）	netease163
暗黒能楽集・心綺楼	人気爆発／雲居一輪＆雲山	无标签	该专辑没有 Music Room 条目（秘封 CD / 格斗碟未使用曲等）	netease163
暗黒能楽集・心綺楼	人気爆発／霧雨魔理沙	无标签	该专辑没有 Music Room 条目（秘封 CD / 格斗碟未使用曲等）	netease163
暗黒能楽集・心綺楼	使われなかった場所	无标签	该专辑没有 Music Room 条目（秘封 CD / 格斗碟未使用曲等）	netease163
暗黒能楽集・心綺楼	塵界不変のペシミズム～心綺楼囃子	无标签	该专辑没有 Music Room 条目（秘封 CD / 格斗碟未使用曲等）	netease163
暗黒能楽集・心綺楼	官板黄昏新聞	系统曲	Staff画面	netease163
暗黒能楽集・心綺楼	官板黄昏新聞 (Short Version)	无标签	该专辑没有 Music Room 条目（秘封 CD / 格斗碟未使用曲等）	netease163
暗黒能楽集・心綺楼	心綺楼囃子 (Short Version)	无标签	该专辑没有 Music Room 条目（秘封 CD / 格斗碟未使用曲等）	netease163
暗黒能楽集・心綺楼	心綺楼祭囃子	无标签	该专辑没有 Music Room 条目（秘封 CD / 格斗碟未使用曲等）	netease163
暗黒能楽集・心綺楼	暁雲	系统曲	Ending	netease163
暗黒能楽集・心綺楼	本日の一面記事	系统曲	获胜的主题曲	netease163
暗黒能楽集・心綺楼	演者選択	无标签	该专辑没有 Music Room 条目（秘封 CD / 格斗碟未使用曲等）	netease163
暗黒能楽集・心綺楼	芥川龍之介の河童　～ Candid Friend (8bit)	无标签	该专辑没有 Music Room 条目（秘封 CD / 格斗碟未使用曲等）	netease163
未知の花 魅知の旅	01. 未知の花 魅知の旅	无标签	该专辑没有 Music Room 条目（秘封 CD / 格斗碟未使用曲等）	netease163
未知の花 魅知の旅	02. 無間の鐘 ～ Infinite Nightmare	无标签	该专辑没有 Music Room 条目（秘封 CD / 格斗碟未使用曲等）	netease163
東方地霊殿 ～ Subterranean Animism	エネルギー黎明 ～ Future Dream...	系统曲	Staff画面	netease163
東方地霊殿 ～ Subterranean Animism	プレイヤーズスコア	无标签	该专辑没有 Music Room 条目（秘封 CD / 格斗碟未使用曲等）	netease163
東方地霊殿 ～ Subterranean Animism	地霊達の帰宅	系统曲	Ending	netease163
東方地霊殿 ～ Subterranean Animism	地霊達の起床	系统曲	标题画面	netease163
東方天空璋 ～ Hidden Star in Four Seasons	プレイヤーズスコア	无标签	该专辑没有 Music Room 条目（秘封 CD / 格斗碟未使用曲等）	netease163
東方天空璋 ～ Hidden Star in Four Seasons	不自然な自然	系统曲	Ending	netease163
東方天空璋 ～ Hidden Star in Four Seasons	桜舞い散る天空	系统曲	标题画面	netease163
東方天空璋 ～ Hidden Star in Four Seasons	白い旅人	系统曲	Staff画面	netease163
東方妖々夢 ～ Perfect Cherry Blossom	さくらさくら　～ Japanize Dream...	系统曲	Staff画面	netease163
東方妖々夢 ～ Perfect Cherry Blossom	妖々夢　～ Snow or Cherry Petal	系统曲	标题画面	netease163
東方妖々夢 ～ Perfect Cherry Blossom	春風の夢	系统曲	Ending	netease163
東方星蓮船 ～ Undefined Fantastic Object	プレイヤーズスコア	无标签	该专辑没有 Music Room 条目（秘封 CD / 格斗碟未使用曲等）	netease163
東方星蓮船 ～ Undefined Fantastic Object	妖怪寺	系统曲	Ending	netease163
東方星蓮船 ～ Undefined Fantastic Object	空の帰り道　～ Sky Dream	系统曲	Staff画面	netease163
東方星蓮船 ～ Undefined Fantastic Object	青空の影	系统曲	标题画面	netease163
東方永夜抄 ～ Imperishable Night	Eternal Dream　～ 幽玄の槭樹	系统曲	Staff画面	netease163
東方永夜抄 ～ Imperishable Night	月見草	系统曲	Ending	netease163
東方永夜抄 ～ Imperishable Night	東方妖怪小町	系统曲	Last Word的主题曲	netease163
東方永夜抄 ～ Imperishable Night	永夜の報い　～ Imperishable Night.	含角色标签	第4面主题曲	netease163
東方永夜抄 ～ Imperishable Night	永夜抄　～ Eastern Night.	系统曲	标题画面	netease163
東方獣王園 ～ Unfinished Dream of All Living Ghost	信仰は儚き人間の為に	无标签	该专辑没有 Music Room 条目（秘封 CD / 格斗碟未使用曲等）	netease163
東方獣王園 ～ Unfinished Dream of All Living Ghost	曲名不明1	无标签	该专辑没有 Music Room 条目（秘封 CD / 格斗碟未使用曲等）	netease163
東方獣王園 ～ Unfinished Dream of All Living Ghost	曲名不明2	无标签	该专辑没有 Music Room 条目（秘封 CD / 格斗碟未使用曲等）	netease163
東方獣王園 ～ Unfinished Dream of All Living Ghost	獣に知性はあるか	系统曲	Staff画面	netease163
東方獣王園 ～ Unfinished Dream of All Living Ghost	獣の知性	系统曲	标题画面	netease163
東方獣王園 ～ Unfinished Dream of All Living Ghost	獣王達の休息	系统曲	Ending	netease163
東方神霊廟 ～ Ten Desires	デザイアドリーム	系统曲	Staff画面	netease163
東方神霊廟 ～ Ten Desires	プレイヤーズスコア	无标签	该专辑没有 Music Room 条目（秘封 CD / 格斗碟未使用曲等）	netease163
東方神霊廟 ～ Ten Desires	欲深き霊魂	系统曲	标题画面	netease163
東方神霊廟 ～ Ten Desires	神社の新しい風	系统曲	Ending	netease163
東方神霊廟 ～ Ten Desires Trance Disc	ゴーストリード（霊界トランス）	无标签	该专辑没有 Music Room 条目（秘封 CD / 格斗碟未使用曲等）	netease163
東方神霊廟 ～ Ten Desires Trance Disc	デザイアドライブ（霊界トランス）	无标签	该专辑没有 Music Room 条目（秘封 CD / 格斗碟未使用曲等）	netease163
東方神霊廟 ～ Ten Desires Trance Disc	リジッドパラダイス（霊界トランス）	无标签	该专辑没有 Music Room 条目（秘封 CD / 格斗碟未使用曲等）	netease163
東方神霊廟 ～ Ten Desires Trance Disc	佐渡のニッ岩（霊界トランス）	无标签	该专辑没有 Music Room 条目（秘封 CD / 格斗碟未使用曲等）	netease163
東方神霊廟 ～ Ten Desires Trance Disc	古きユアンシェン（霊界トランス）	无标签	该专辑没有 Music Room 条目（秘封 CD / 格斗碟未使用曲等）	netease163
東方神霊廟 ～ Ten Desires Trance Disc	夢殿大祀廟（霊界トランス）	无标签	该专辑没有 Music Room 条目（秘封 CD / 格斗碟未使用曲等）	netease163
東方神霊廟 ～ Ten Desires Trance Disc	大神神話伝（霊界トランス）	无标签	该专辑没有 Music Room 条目（秘封 CD / 格斗碟未使用曲等）	netease163
東方神霊廟 ～ Ten Desires Trance Disc	妖怪寺へようこそ（霊界トランス）	无标签	该专辑没有 Music Room 条目（秘封 CD / 格斗碟未使用曲等）	netease163
東方神霊廟 ～ Ten Desires Trance Disc	妖怪裏参道（霊界トランス）	无标签	该专辑没有 Music Room 条目（秘封 CD / 格斗碟未使用曲等）	netease163
東方神霊廟 ～ Ten Desires Trance Disc	小さな欲望の星空（霊界トランス）	无标签	该专辑没有 Music Room 条目（秘封 CD / 格斗碟未使用曲等）	netease163
東方神霊廟 ～ Ten Desires Trance Disc	死霊の夜桜（霊界トランス）	无标签	该专辑没有 Music Room 条目（秘封 CD / 格斗碟未使用曲等）	netease163
東方神霊廟 ～ Ten Desires Trance Disc	素敵な墓場で暮しましょ（霊界トランス）	无标签	该专辑没有 Music Room 条目（秘封 CD / 格斗碟未使用曲等）	netease163
東方神霊廟 ～ Ten Desires Trance Disc	門前の妖怪小娘（霊界トランス）	无标签	该专辑没有 Music Room 条目（秘封 CD / 格斗碟未使用曲等）	netease163
東方紅魔郷 ～ the Embodiment of Scarlet Devil	紅より儚い永遠	系统曲	Ending	netease163
東方紅魔郷 ～ the Embodiment of Scarlet Devil	紅楼　～ Eastern Dream...	系统曲	Staff画面	netease163
東方紅魔郷 ～ the Embodiment of Scarlet Devil	赤より紅い夢	系统曲	标题画面	netease163
東方紺珠伝 ～ Legacy of Lunatic Kingdom	プレイヤーズスコア	无标签	该专辑没有 Music Room 条目（秘封 CD / 格斗碟未使用曲等）	netease163
東方紺珠伝 ～ Legacy of Lunatic Kingdom	宇宙巫女帰還する	系统曲	Staff画面	netease163
東方紺珠伝 ～ Legacy of Lunatic Kingdom	宇宙巫女現る	系统曲	标题画面	netease163
東方紺珠伝 ～ Legacy of Lunatic Kingdom	神社から見える月	系统曲	Ending	netease163
東方花映塚 ～ Phantasmagoria of Flower View	此岸の塚	系统曲	对话的主题曲2	netease163
東方花映塚 ～ Phantasmagoria of Flower View	花の映る塚	系统曲	对话的主题曲1	netease163
東方花映塚 ～ Phantasmagoria of Flower View	花は幻想のままに	系统曲	Ending	netease163
東方花映塚 ～ Phantasmagoria of Flower View	花映塚　～ Higan Retour	系统曲	标题画面	netease163
東方花映塚 ～ Phantasmagoria of Flower View	魂の花　～ Another Dream	系统曲	Staff画面	netease163
東方虹龍洞 ～ Unconnected Marketeers	プレイヤーズスコア	无标签	该专辑没有 Music Room 条目（秘封 CD / 格斗碟未使用曲等）	netease163
東方虹龍洞 ～ Unconnected Marketeers	嵐の後の日曜日	系统曲	Ending	netease163
東方虹龍洞 ～ Unconnected Marketeers	虹の架かる幻想郷	系统曲	标题画面	netease163
東方虹龍洞 ～ Unconnected Marketeers	虹色の世界	系统曲	Staff画面	netease163
東方輝針城 ～ Double Dealing Character	プレイヤーズスコア	无标签	该专辑没有 Music Room 条目（秘封 CD / 格斗碟未使用曲等）	netease163
東方輝針城 ～ Double Dealing Character	不思議なお祓い棒	系统曲	标题画面	netease163
東方輝針城 ～ Double Dealing Character	不思議な不思議な道具達	系统曲	Staff画面	netease163
東方輝針城 ～ Double Dealing Character	小槌の魔力	系统曲	Ending	netease163
東方風神録 ～ Mountain of Faith	プレイヤーズスコア	系统曲	得分画面	netease163
東方風神録 ～ Mountain of Faith	封印されし神々	系统曲	标题画面	netease163
東方風神録 ～ Mountain of Faith	神は恵みの雨を降らす　～ Sylphid Dream	系统曲	Staff画面	netease163
東方風神録 ～ Mountain of Faith	麓の神社	系统曲	Ending	netease163
東方鬼形獣 ～ Wily Beast and Weakest Creature	プレイヤーズスコア	无标签	该专辑没有 Music Room 条目（秘封 CD / 格斗碟未使用曲等）	netease163
東方鬼形獣 ～ Wily Beast and Weakest Creature	地下からの帰還	系统曲	Staff画面	netease163
東方鬼形獣 ～ Wily Beast and Weakest Creature	物言わぬ獣の霊	系统曲	标题画面	netease163
東方鬼形獣 ～ Wily Beast and Weakest Creature	畜生達の休息	系统曲	Ending	netease163
核熱造神ヒソウテンソク ～ 東方非想天則	01. 君はあの影を見たか	系统曲	标题画面	netease163
核熱造神ヒソウテンソク ～ 東方非想天則	02. 萃夢想	系统曲	角色选择	netease163
核熱造神ヒソウテンソク ～ 東方非想天則	08. アンノウンＸ ～ Unfound Adventure	系统曲	最终BOSS核聚变炉心	netease163
核熱造神ヒソウテンソク ～ 東方非想天則	09. 空に浮かぶ物体Ｘ	系统曲	最后一战	netease163
核熱造神ヒソウテンソク ～ 東方非想天則	14. 伝説の巨神	系统曲	对话曲1	netease163
核熱造神ヒソウテンソク ～ 東方非想天則	15. ぼくらの非想天則	系统曲	对话曲2	netease163
核熱造神ヒソウテンソク ～ 東方非想天則	16. 人形のある風景	系统曲	对话曲3	netease163
核熱造神ヒソウテンソク ～ 東方非想天則	17. 悠久の蒸気機関	系统曲	Staff画面	netease163
核熱造神ヒソウテンソク ～ 東方非想天則	18. アンノウンＸ ～ Unfound Adventure	系统曲	最终BOSS核聚变炉心	netease163
核熱造神ヒソウテンソク ～ 東方非想天則	19. ぼくらの非想天則 (Full ver.)	无标签	该专辑没有 Music Room 条目（秘封 CD / 格斗碟未使用曲等）	netease163
核熱造神ヒソウテンソク ～ 東方非想天則	20. 巨大な影と小さな結末	无标签	该专辑没有 Music Room 条目（秘封 CD / 格斗碟未使用曲等）	netease163
核熱造神ヒソウテンソク ～ 東方非想天則	21. ぼくらの非想天則 (カラオケver.)	无标签	该专辑没有 Music Room 条目（秘封 CD / 格斗碟未使用曲等）	netease163
深秘的楽曲集	オカルトアラカルト	系统曲	故事模式战斗曲	netease163
深秘的楽曲集	ボールのある日常	系统曲	对话曲	netease163
深秘的楽曲集	ラストオカルティズム　～ 現し世の秘術師 (Arrange Version)	无标签	该专辑没有 Music Room 条目（秘封 CD / 格斗碟未使用曲等）	netease163
深秘的楽曲集	七玉蒐集ショウダウン	系统曲	故事模式战斗曲	netease163
深秘的楽曲集	価値がわからない	系统曲	对话曲	netease163
深秘的楽曲集	公正なる奪い合い	系统曲	故事模式战斗曲	netease163
深秘的楽曲集	可能性を信じて	系统曲	对话曲	netease163
深秘的楽曲集	各々の結末	系统曲	Ending	netease163
深秘的楽曲集	外界フォークロア	系统曲	对话曲	netease163
深秘的楽曲集	対蹠地の鐘	系统曲	故事模式战斗曲	netease163
深秘的楽曲集	幻想郷ふしぎ発見	系统曲	角色选择画面	netease163
深秘的楽曲集	心揺さぶる都市伝説	系统曲	标题画面	netease163
深秘的楽曲集	明かされる深秘	系统曲	Staff画面	netease163
深秘的楽曲集	明かされる深秘 (Short Version)	无标签	该专辑没有 Music Room 条目（秘封 CD / 格斗碟未使用曲等）	netease163
深秘的楽曲集	時代の風の訪れ	系统曲	对话曲	netease163
深秘的楽曲集	真実を知る者	系统曲	对话曲	netease163
深秘的楽曲集	竹林インフレイム	系统曲	故事模式战斗曲	netease163
深秘的楽曲集	華狭間のバトルフィールド (Arrange Version)	无标签	该专辑没有 Music Room 条目（秘封 CD / 格斗碟未使用曲等）	netease163
深秘的楽曲集	顕現した伝承の形	系统曲	对话曲	netease163
燕石博物誌 ～ Dr.Latency's Freak Report	Dr.レイテンシーの眠れなくなる瞳	无标签	该专辑没有 Music Room 条目（秘封 CD / 格斗碟未使用曲等）	netease163
燕石博物誌 ～ Dr.Latency's Freak Report	シュレディンガーの化猫	无标签	该专辑没有 Music Room 条目（秘封 CD / 格斗碟未使用曲等）	netease163
燕石博物誌 ～ Dr.Latency's Freak Report	他愛も無い二人の博物誌	无标签	该专辑没有 Music Room 条目（秘封 CD / 格斗碟未使用曲等）	netease163
燕石博物誌 ～ Dr.Latency's Freak Report	永遠の三日天下	无标签	该专辑没有 Music Room 条目（秘封 CD / 格斗碟未使用曲等）	netease163
燕石博物誌 ～ Dr.Latency's Freak Report	禁忌の膜壁	无标签	该专辑没有 Music Room 条目（秘封 CD / 格斗碟未使用曲等）	netease163
燕石博物誌 ～ Dr.Latency's Freak Report	須臾はプランクを超えて	无标签	该专辑没有 Music Room 条目（秘封 CD / 格斗碟未使用曲等）	netease163
蓬莱人形 ～ Dolls in Pseudo Paradise	01. 蓬莱伝説	无标签	该专辑没有 Music Room 条目（秘封 CD / 格斗碟未使用曲等）	netease163
蓬莱人形 ～ Dolls in Pseudo Paradise	02. 二色蓮花蝶 ～ Red and White	无标签	该专辑没有 Music Room 条目（秘封 CD / 格斗碟未使用曲等）	netease163
蓬莱人形 ～ Dolls in Pseudo Paradise	03. 桜花之恋塚 ～ Japanese Flower	无标签	该专辑没有 Music Room 条目（秘封 CD / 格斗碟未使用曲等）	netease163
蓬莱人形 ～ Dolls in Pseudo Paradise	05. 東方怪奇談	无标签	该专辑没有 Music Room 条目（秘封 CD / 格斗碟未使用曲等）	netease163
蓬莱人形 ～ Dolls in Pseudo Paradise	06. エニグマティクドール	无标签	该专辑没有 Music Room 条目（秘封 CD / 格斗碟未使用曲等）	netease163
蓬莱人形 ～ Dolls in Pseudo Paradise	07. サーカスレヴァリエ	无标签	该专辑没有 Music Room 条目（秘封 CD / 格斗碟未使用曲等）	netease163
蓬莱人形 ～ Dolls in Pseudo Paradise	08. 人形の森	无标签	该专辑没有 Music Room 条目（秘封 CD / 格斗碟未使用曲等）	netease163
蓬莱人形 ～ Dolls in Pseudo Paradise	09. Witch of Love Potion	无标签	该专辑没有 Music Room 条目（秘封 CD / 格斗碟未使用曲等）	netease163
蓬莱人形 ～ Dolls in Pseudo Paradise	10. リーインカーネイション	无标签	该专辑没有 Music Room 条目（秘封 CD / 格斗碟未使用曲等）	netease163
蓬莱人形 ～ Dolls in Pseudo Paradise	12. 永遠の巫女	无标签	该专辑没有 Music Room 条目（秘封 CD / 格斗碟未使用曲等）	netease163
蓬莱人形 ～ Dolls in Pseudo Paradise	13. 空飛ぶ巫女の不思議な毎日	无标签	该专辑没有 Music Room 条目（秘封 CD / 格斗碟未使用曲等）	netease163
蓮台野夜行 ～ Ghostly Field Club	01. 夜のデンデラ野を逝く	无标签	该专辑没有 Music Room 条目（秘封 CD / 格斗碟未使用曲等）	netease163
蓮台野夜行 ～ Ghostly Field Club	02. 少女秘封倶楽部	无标签	该专辑没有 Music Room 条目（秘封 CD / 格斗碟未使用曲等）	netease163
蓮台野夜行 ～ Ghostly Field Club	04. 古の冥界寺	无标签	该专辑没有 Music Room 条目（秘封 CD / 格斗碟未使用曲等）	netease163
蓮台野夜行 ～ Ghostly Field Club	05. 幻視の夜 ～ Ghostly Eyes	无标签	该专辑没有 Music Room 条目（秘封 CD / 格斗碟未使用曲等）	netease163
蓮台野夜行 ～ Ghostly Field Club	06. 魔術師メリー	无标签	该专辑没有 Music Room 条目（秘封 CD / 格斗碟未使用曲等）	netease163
蓮台野夜行 ～ Ghostly Field Club	07. 月の妖鳥、化猫の幻	无标签	该专辑没有 Music Room 条目（秘封 CD / 格斗碟未使用曲等）	netease163
蓮台野夜行 ～ Ghostly Field Club	08. 過去の花 ～ Fairy of Flower	无标签	该专辑没有 Music Room 条目（秘封 CD / 格斗碟未使用曲等）	netease163
蓮台野夜行 ～ Ghostly Field Club	09. 魔法少女十字軍	无标签	该专辑没有 Music Room 条目（秘封 CD / 格斗碟未使用曲等）	netease163
蓮台野夜行 ～ Ghostly Field Club	11. 幻想の永遠祭	无标签	该专辑没有 Music Room 条目（秘封 CD / 格斗碟未使用曲等）	netease163
虹色のセプテントリオン	あの賑やかな市場は今どこに　～ Immemorial Marketeers	无标签	该专辑没有 Music Room 条目（秘封 CD / 格斗碟未使用曲等）	netease163
虹色のセプテントリオン	七ツ石の狼、雲を取りに駆ける	无标签	该专辑没有 Music Room 条目（秘封 CD / 格斗碟未使用曲等）	netease163
虹色のセプテントリオン	幻想のホワイトトラベラー	无标签	该专辑没有 Music Room 条目（秘封 CD / 格斗碟未使用曲等）	netease163
鳥船遺跡 ～ Trojan Green Asteroid	01. 衛星トリフネ	无标签	该专辑没有 Music Room 条目（秘封 CD / 格斗碟未使用曲等）	netease163
鳥船遺跡 ～ Trojan Green Asteroid	02. トロヤ群の密林	无标签	该专辑没有 Music Room 条目（秘封 CD / 格斗碟未使用曲等）	netease163
鳥船遺跡 ～ Trojan Green Asteroid	04. フェアリー冒険譚	无标签	该专辑没有 Music Room 条目（秘封 CD / 格斗碟未使用曲等）	netease163
鳥船遺跡 ～ Trojan Green Asteroid	05. 天鳥船神社	无标签	该专辑没有 Music Room 条目（秘封 CD / 格斗碟未使用曲等）	netease163
鳥船遺跡 ～ Trojan Green Asteroid	08. 天鳥船神社の結界	无标签	该专辑没有 Music Room 条目（秘封 CD / 格斗碟未使用曲等）	netease163
鳥船遺跡 ～ Trojan Green Asteroid	10. 宇宙に浮かぶ幻想郷	无标签	该专辑没有 Music Room 条目（秘封 CD / 格斗碟未使用曲等）	netease163
