角色key	专辑	曲目	占位值	原因
chirizuka-ubame	東方錦上京 ～ Fossilized Wonders	例え世界から忘れられても	角色曲	东方锦上京 的作品页未收录此曲
chirizuka-ubame	東方錦上京 ～ Fossilized Wonders	愛おしき塵の住処	角色曲	东方锦上京 的作品页未收录此曲
doushin-naruko	東方錦上京 ～ Fossilized Wonders	どうせなら命を賭けて謎を解け	角色曲	东方锦上京 的作品页未收录此曲
doushin-naruko	東方錦上京 ～ Fossilized Wonders	プレステ・ジョアンの黄金境	角色曲	东方锦上京 的作品页未收录此曲
houjuu-chimi	東方錦上京 ～ Fossilized Wonders	セイクリッドフォレスト	角色曲	东方锦上京 的作品页未收录此曲
houjuu-chimi	東方錦上京 ～ Fossilized Wonders	森にはお化けがいるよ	角色曲	东方锦上京 的作品页未收录此曲
ibuki-suika	幻想曲抜萃 ～ 東方萃夢想 Night Disc	17. 砕月	角色曲	系统曲标签：剧情曲 幻想乡
iwanaga-ariya	東方錦上京 ～ Fossilized Wonders	ピラミッドの神域	角色曲	东方锦上京 的作品页未收录此曲
iwanaga-ariya	東方錦上京 ～ Fossilized Wonders	最後の一人は慣れてるから　〜 Stone Goddess	角色曲	东方锦上京 的作品页未收录此曲
luna-child	東方三月精 ～ Eastern and Little Nature Deity	夜だから眠れない	角色曲	该专辑不对应任何 THBWiki 作品页
star-sapphire	東方三月精 ～ Eastern and Little Nature Deity	妖精燦々として	角色曲	该专辑不对应任何 THBWiki 作品页
sunny-milk	東方三月精 ～ Eastern and Little Nature Deity	サニールチルフレクション	角色曲	该专辑不对应任何 THBWiki 作品页
watari-nina	東方錦上京 ～ Fossilized Wonders	二枚貝の上のハルシネーション	角色曲	东方锦上京 的作品页未收录此曲
watatsuki-no-toyohime	東方錦上京 ～ Fossilized Wonders	綿月のスペルカード　〜 神海戦	角色曲	东方锦上京 的作品页未收录此曲
watatsuki-no-toyohime	東方錦上京 ～ Fossilized Wonders	記憶の深海に沈む少女	角色曲	东方锦上京 的作品页未收录此曲
yagokoro-eirin	東方永夜抄 ～ Imperishable Night	ヴォヤージュ1970	角色曲	标签无法判定：['Last Spell Card']
yuiman-asama	東方錦上京 ～ Fossilized Wonders	ファンタスティックドリフト	角色曲	东方锦上京 的作品页未收录此曲
yuiman-asama	東方錦上京 ～ Fossilized Wonders	フォーカラーラビリンス	角色曲	东方锦上京 的作品页未收录此曲
yuiman-asama	東方錦上京 ～ Fossilized Wonders	鹿狩りのレミニセンス	角色曲	东方锦上京 的作品页未收录此曲
