角色key	专辑	曲目	类别	该曲面次	该角色本人曲面次	结论
aki-shizuha	東方風神録 ～ Mountain of Faith	人恋し神様　～ Romantic Fall	道中曲	1	-	no-own-theme
alice-margatroid	東方妖々夢 ～ Perfect Cherry Blossom	ブクレシュティの人形師	更多道中曲	3	-	no-own-theme
chen	東方妖々夢 ～ Perfect Cherry Blossom	妖々跋扈	道中曲	Extra	2	MISMATCH
chen	東方妖々夢 ～ Perfect Cherry Blossom	遠野幻想物語	道中曲	2	2	match
cirno	東方妖々夢 ～ Perfect Cherry Blossom	無何有の郷　～ Deep Mountain	更多道中曲	1	-	no-own-theme
cirno	東方輝針城 ～ Double Dealing Character	ミストレイク	更多道中曲	1	-	no-own-theme
daiyousei	東方紅魔郷 ～ the Embodiment of Scarlet Devil	ルーネイトエルフ	道中曲	2	-	no-own-theme
doremy-sweet	東方紺珠伝 ～ Legacy of Lunatic Kingdom	宇宙を飛ぶ不思議な巫女	道中曲	3	3	match
doremy-sweet	東方紺珠伝 ～ Legacy of Lunatic Kingdom	見た事も無い悪夢の世界	道中曲	Extra	3	MISMATCH
ebisu-eika	東方鬼形獣 ～ Wily Beast and Weakest Creature	地蔵だけが知る哀嘆	道中曲	1	1	match
flandre-scarlet	東方紅魔郷 ～ the Embodiment of Scarlet Devil	魔法少女達の百年祭	道中曲	Extra	-	no-own-theme
goutokuji-mike	東方虹龍洞 ～ Unconnected Marketeers	妖異達の通り雨	道中曲	1	1	match
himemushi-momoyo	東方虹龍洞 ～ Unconnected Marketeers	幻想の地下大線路網	道中曲	Extra	Extra	match
hong-meiling	東方紅魔郷 ～ the Embodiment of Scarlet Devil	上海紅茶館　～ Chinese Tea	道中曲	3	3	match
hoshiguma-yuugi	東方地霊殿 ～ Subterranean Animism	旧地獄街道を行く	道中曲	3	3	match
houjuu-nue	東方星蓮船 ～ Undefined Fantastic Object	夜空のユーフォーロマンス	道中曲	Extra	Extra	match
houjuu-nue	東方星蓮船 ～ Undefined Fantastic Object	幽霊客船の時空を越えた旅	道中曲	4	Extra	MISMATCH
houjuu-nue	東方星蓮船 ～ Undefined Fantastic Object	法界の火	道中曲	6	Extra	MISMATCH
houjuu-nue	東方神霊廟 ～ Ten Desires	妖怪裏参道	更多道中曲	Extra	-	no-own-theme
imaizumi-kagerou	東方輝針城 ～ Double Dealing Character	満月の竹林	道中曲	3	3	match
inaba-tewi	東方永夜抄 ～ Imperishable Night	シンデレラケージ　～ Kagome-Kagome	道中曲	5	-	no-own-theme
inubashiri-momiji	東方風神録 ～ Mountain of Faith	フォールオブフォール　～ 秋めく滝	道中曲	4	-	no-own-theme
izayoi-sakuya	東方紅魔郷 ～ the Embodiment of Scarlet Devil	ツェペシュの幼き末裔	道中曲	最终	5	MISMATCH
izayoi-sakuya	東方紅魔郷 ～ the Embodiment of Scarlet Devil	メイドと血の懐中時計	道中曲	5	5	match
joutougu-mayumi	東方鬼形獣 ～ Wily Beast and Weakest Creature	エレクトリックヘリテージ	道中曲	6	5	MISMATCH
joutougu-mayumi	東方鬼形獣 ～ Wily Beast and Weakest Creature	ビーストメトロポリス	道中曲	5	5	match
junko	東方紺珠伝 ～ Legacy of Lunatic Kingdom	故郷の星が映る海	道中曲	6	6	match
kaenbyou-rin	東方地霊殿 ～ Subterranean Animism	ハートフェルトファンシー	道中曲	4	-	no-own-theme
kaenbyou-rin	東方地霊殿 ～ Subterranean Animism	廃獄ララバイ	道中曲	5	-	no-own-theme
kaenbyou-rin	東方地霊殿 ～ Subterranean Animism	業火マントル	道中曲	6	-	no-own-theme
kagiyama-hina	東方風神録 ～ Mountain of Faith	厄神様の通り道　～ Dark Road	道中曲	2	2	match
kaku-seiga	東方神霊廟 ～ Ten Desires	デザイアドライブ	道中曲	4	4	match
kamishirasawa-keine	東方永夜抄 ～ Imperishable Night	懐かしき東方の血　～ Old World	道中曲	3	3	match
kasodani-kyouko	東方神霊廟 ～ Ten Desires	妖怪寺へようこそ	道中曲	2	2	match
kawashiro-nitori	東方風神録 ～ Mountain of Faith	神々が恋した幻想郷	道中曲	3	3	match
kijin-seija	東方輝針城 ～ Double Dealing Character	空中に沈む輝針城	道中曲	5	5	match
kijin-seija	東方輝針城 ～ Double Dealing Character	針小棒大の天守閣	道中曲	6	5	MISMATCH
kishin-sagume	東方紺珠伝 ～ Legacy of Lunatic Kingdom	凍り付いた永遠の都	道中曲	4	4	match
kisume	東方地霊殿 ～ Subterranean Animism	暗闇の風穴	道中曲	1	-	no-own-theme
kitcho-yachie	東方鬼形獣 ～ Wily Beast and Weakest Creature	アンロケイテッドヘル	道中曲	4	4	match
koakuma	東方紅魔郷 ～ the Embodiment of Scarlet Devil	ヴワル魔法図書館	道中曲	4	-	no-own-theme
kochiya-sanae	東方地霊殿 ～ Subterranean Animism	ラストリモート	更多道中曲	Extra	-	no-own-theme
kochiya-sanae	東方風神録 ～ Mountain of Faith	少女が見た日本の原風景	道中曲	5	5	match
komakusa-sannyo	東方虹龍洞 ～ Unconnected Marketeers	駒草咲くパーペチュアルスノー	道中曲	3	3	match
komano-aunn	東方天空璋 ～ Hidden Star in Four Seasons	桜色の海を泳いで	道中曲	3	3	match
konpaku-youmu	東方妖々夢 ～ Perfect Cherry Blossom	アルティメットトゥルース	道中曲	6	5	MISMATCH
konpaku-youmu	東方妖々夢 ～ Perfect Cherry Blossom	東方妖々夢　～ Ancient Temple	道中曲	5	5	match
kudamaki-tsukasa	東方虹龍洞 ～ Unconnected Marketeers	ルナレインボー	道中曲	6	-	no-own-theme
kudamaki-tsukasa	東方虹龍洞 ～ Unconnected Marketeers	幻想の地下大線路網	道中曲	Extra	-	no-own-theme
kumoi-ichirin	東方星蓮船 ～ Undefined Fantastic Object	スカイルーイン	道中曲	3	3	match
kuraunpisu	東方紺珠伝 ～ Legacy of Lunatic Kingdom	遥か３８万キロのボヤージュ	道中曲	5	5	match
kurokoma-saki	東方鬼形獣 ～ Wily Beast and Weakest Creature	輝かしき弱肉強食の掟	道中曲	Extra	Extra	match
lily-white	東方妖々夢 ～ Perfect Cherry Blossom	天空の花の都	道中曲	4	-	no-own-theme
matara-okina	東方天空璋 ～ Hidden Star in Four Seasons	もうドアには入れない	道中曲	Extra	6、Extra	match
matara-okina	東方天空璋 ～ Hidden Star in Four Seasons	イントゥ・バックドア	道中曲	6	6、Extra	match
mizuhashi-parsee	東方地霊殿 ～ Subterranean Animism	渡る者の途絶えた橋	道中曲	2	2	match
mystia-lorelei	東方永夜抄 ～ Imperishable Night	夜雀の歌声　～ Night Bird	道中曲	2	2	match
nazurin	東方星蓮船 ～ Undefined Fantastic Object	春の湊に	道中曲	1	1	match
nazurin	東方星蓮船 ～ Undefined Fantastic Object	魔界地方都市エソテリア	道中曲	5	1	MISMATCH
niwatari-kutaka	東方鬼形獣 ～ Wily Beast and Weakest Creature	不朽の曼珠沙華	道中曲	3	3	match
niwatari-kutaka	東方鬼形獣 ～ Wily Beast and Weakest Creature	輝かしき弱肉強食の掟	道中曲	Extra	3	MISMATCH
patchouli-knowledge	東方紅魔郷 ～ the Embodiment of Scarlet Devil	魔法少女達の百年祭	道中曲	Extra	4	MISMATCH
remilia-scarlet	東方紅魔郷 ～ the Embodiment of Scarlet Devil	ツェペシュの幼き末裔	道中曲	最终	-	no-own-theme
ringo	東方紺珠伝 ～ Legacy of Lunatic Kingdom	湖は浄めの月光を映して	道中曲	2	2	match
rumia	東方紅魔郷 ～ the Embodiment of Scarlet Devil	ほおずきみたいに紅い魂	道中曲	1	1	match
saigyouji-yuyuko	東方神霊廟 ～ Ten Desires	死霊の夜桜	更多道中曲	1	1	match
sakata-nemuno	東方天空璋 ～ Hidden Star in Four Seasons	色無き風は妖怪の山に	道中曲	2	2	match
seiran	東方紺珠伝 ～ Legacy of Lunatic Kingdom	忘れがたき、よすがの緑	道中曲	1	1	match
sekibanki	東方輝針城 ～ Double Dealing Character	運河を行き交う人妖	道中曲	2	2	match
soga-no-tojiko	東方神霊廟 ～ Ten Desires	夢殿大祀廟	道中曲	5	-	no-own-theme
tamatsukuri-misumaru	東方虹龍洞 ～ Unconnected Marketeers	廃れゆく産業遺構	道中曲	4	4	match
tatara-kogasa	東方星蓮船 ～ Undefined Fantastic Object	夜空のユーフォーロマンス	道中曲	Extra	2	MISMATCH
tatara-kogasa	東方星蓮船 ～ Undefined Fantastic Object	閉ざせし雲の通い路	道中曲	2	2	match
tatara-kogasa	東方神霊廟 ～ Ten Desires	素敵な墓場で暮しましょ	更多道中曲	3	-	no-own-theme
teireida-mai-nishida-satono	東方天空璋 ～ Hidden Star in Four Seasons	もうドアには入れない	道中曲	Extra	-	no-own-theme
teireida-mai-nishida-satono	東方天空璋 ～ Hidden Star in Four Seasons	幻想のホワイトトラベラー	道中曲	4	-	no-own-theme
teireida-mai-nishida-satono	東方天空璋 ～ Hidden Star in Four Seasons	禁断の扉の向こうは、この世かあの世か	道中曲	5	-	no-own-theme
tenkyuu-chimata	東方虹龍洞 ～ Unconnected Marketeers	ルナレインボー	道中曲	6	6	match
toyosatomimi-no-miko	東方神霊廟 ～ Ten Desires	小さな欲望の星空	道中曲	6	6	match
tsukumo-benben-yatsuhashi	東方輝針城 ～ Double Dealing Character	マジカルストーム	道中曲	4	-	no-own-theme
tsukumo-benben-yatsuhashi	東方輝針城 ～ Double Dealing Character	魔力の雷雲	道中曲	Extra	-	no-own-theme
ushizaki-urumi	東方鬼形獣 ～ Wily Beast and Weakest Creature	ロストリバー	道中曲	2	2	match
wakasagihime	東方輝針城 ～ Double Dealing Character	ミストレイク	道中曲	1	1	match
wriggle-nightbug	東方永夜抄 ～ Imperishable Night	幻視の夜　～ Ghostly Eyes	道中曲	1	1	match
yagokoro-eirin	東方永夜抄 ～ Imperishable Night	ヴォヤージュ1969	道中曲	6	6	match
yakumo-ran	東方妖々夢 ～ Perfect Cherry Blossom	妖々跋扈　～ Who done it!	道中曲	Phantasm	Extra	MISMATCH
yamashiro-takane	東方虹龍洞 ～ Unconnected Marketeers	深緑に隠された断崖	道中曲	2	2	match
yasaka-kanako	東方風神録 ～ Mountain of Faith	御柱の墓場　～ Grave of Being	道中曲	6	6	match
yasaka-kanako	東方風神録 ～ Mountain of Faith	明日ハレの日、ケの昨日	道中曲	Extra	6	MISMATCH
yatadera-narumi	東方天空璋 ～ Hidden Star in Four Seasons	幻想のホワイトトラベラー	道中曲	4	4	match
